incident_id,latitude,longitude,incident_type,date,time_of_day,city,barangay,description
1,14.737318,120.920523,harassment,2025-11-19,17:03,Quezon City,Brgy. Sample 20,
2,14.595373,121.000628,theft,2025-11-15,01:37,Quezon City,Brgy. Sample 8,
3,14.610019,120.983417,theft,2026-01-24,09:29,Quezon City,Brgy. Sample 29,
4,14.424154,121.081189,harassment,2025-09-19,08:31,Quezon City,Brgy. Sample 8,
5,14.540934,121.049326,robbery,2025-12-27,02:20,Quezon City,Brgy. Sample 14,
6,14.615661,120.976687,theft,2025-09-19,01:17,Manila,Brgy. Sample 34,
7,14.542559,121.04029,theft,2025-08-24,18:23,Manila,Brgy. Sample 43,
8,14.582366,120.97493,robbery,2025-12-11,19:10,Manila,Brgy. Sample 26,
9,14.442238,121.056316,robbery,2025-04-07,14:19,Manila,Brgy. Sample 46,
10,14.682527,121.166293,theft,2026-01-15,07:49,Manila,Brgy. Sample 28,
11,14.710996,121.184934,assault,2025-11-19,22:47,Manila,Brgy. Sample 18,
12,14.494899,120.947747,assault,2025-04-10,14:18,Manila,Brgy. Sample 24,
13,14.623192,121.024847,assault,2025-10-07,19:55,Manila,Brgy. Sample 40,
14,14.500881,120.902512,assault,2025-04-08,09:40,Quezon City,Brgy. Sample 34,
15,14.776535,121.154259,assault,2025-06-14,20:04,Manila,Brgy. Sample 40,
16,14.60458,120.99317,theft,2025-10-27,16:06,Quezon City,Brgy. Sample 21,
17,14.703529,121.155047,robbery,2025-12-27,08:46,Manila,Brgy. Sample 15,
18,14.555277,120.970356,theft,2025-10-17,18:41,Quezon City,Brgy. Sample 44,
19,14.545552,120.982315,assault,2025-07-09,22:48,Quezon City,Brgy. Sample 6,
20,14.559028,120.999567,assault,2025-09-26,18:16,Manila,Brgy. Sample 49,
21,14.555098,121.004648,harassment,2025-11-25,08:29,Quezon City,Brgy. Sample 35,
22,14.652035,121.093331,harassment,2026-01-28,23:47,Quezon City,Brgy. Sample 28,
23,14.449628,121.129994,assault,2025-11-02,09:38,Manila,Brgy. Sample 2,
24,14.451767,120.942345,theft,2025-12-29,07:16,Quezon City,Brgy. Sample 37,
25,14.653178,120.91052,theft,2025-07-27,07:42,Manila,Brgy. Sample 7,
26,14.797665,120.950192,harassment,2025-08-13,21:42,Quezon City,Brgy. Sample 20,
27,14.465159,121.120294,robbery,2025-08-16,22:33,Quezon City,Brgy. Sample 33,
28,14.418628,121.033248,robbery,2025-11-13,13:18,Quezon City,Brgy. Sample 29,
29,14.699617,120.920147,theft,2026-01-12,16:50,Manila,Brgy. Sample 4,
30,14.73263,121.185663,harassment,2025-07-26,17:52,Manila,Brgy. Sample 10,
31,14.481418,121.116444,robbery,2025-08-17,20:30,Quezon City,Brgy. Sample 23,
32,14.506156,121.028689,harassment,2026-01-20,11:55,Manila,Brgy. Sample 40,
33,14.682832,121.137426,theft,2025-05-27,07:01,Manila,Brgy. Sample 22,
34,14.744151,121.196634,harassment,2025-03-22,22:22,Manila,Brgy. Sample 45,
35,14.542386,120.993304,assault,2026-02-04,17:23,Manila,Brgy. Sample 9,
36,14.68201,120.951242,assault,2025-09-08,19:23,Quezon City,Brgy. Sample 3,
37,14.595377,121.000775,assault,2025-07-05,06:33,Manila,Brgy. Sample 44,
38,14.624881,121.065329,assault,2025-05-09,11:56,Quezon City,Brgy. Sample 32,
39,14.537433,120.987499,harassment,2025-04-21,21:04,Quezon City,Brgy. Sample 38,
40,14.557764,120.938442,robbery,2026-03-13,18:59,Manila,Brgy. Sample 31,
41,14.470285,121.16441,assault,2025-07-01,17:42,Quezon City,Brgy. Sample 17,
42,14.500794,121.065432,harassment,2025-05-19,20:41,Quezon City,Brgy. Sample 21,
43,14.705199,120.966377,harassment,2025-05-11,22:11,Quezon City,Brgy. Sample 38,
44,14.777229,121.001275,robbery,2025-08-08,20:06,Quezon City,Brgy. Sample 46,
45,14.58073,120.992397,assault,2025-09-22,02:12,Quezon City,Brgy. Sample 37,
46,14.769031,121.174047,robbery,2025-12-27,12:31,Manila,Brgy. Sample 6,
47,14.701512,120.935751,robbery,2025-12-03,19:01,Manila,Brgy. Sample 39,
48,14.659959,120.988845,assault,2025-04-17,06:51,Manila,Brgy. Sample 18,
49,14.743575,121.012002,robbery,2025-03-31,13:06,Manila,Brgy. Sample 35,
50,14.568108,121.140077,theft,2026-02-04,08:15,Manila,Brgy. Sample 10,
51,14.55165,120.983189,robbery,2025-09-22,19:32,Quezon City,Brgy. Sample 17,
52,14.590377,121.003887,robbery,2025-12-24,17:08,Quezon City,Brgy. Sample 12,
53,14.60471,120.996424,theft,2025-06-15,11:07,Manila,Brgy. Sample 37,
54,14.627102,121.167829,assault,2025-05-05,08:06,Quezon City,Brgy. Sample 14,
55,14.796078,120.973318,robbery,2025-06-22,20:00,Manila,Brgy. Sample 44,
56,14.611751,120.985165,theft,2025-11-26,13:00,Quezon City,Brgy. Sample 48,
57,14.585176,120.991909,theft,2026-01-27,20:05,Manila,Brgy. Sample 22,
58,14.799563,121.07399,harassment,2025-08-27,16:41,Quezon City,Brgy. Sample 17,
59,14.599255,120.974642,harassment,2025-12-22,11:36,Manila,Brgy. Sample 45,
60,14.560795,121.122175,assault,2025-11-25,10:28,Quezon City,Brgy. Sample 26,
61,14.707005,121.190025,theft,2025-09-17,11:55,Manila,Brgy. Sample 48,
62,14.457475,121.107168,harassment,2025-04-19,16:10,Quezon City,Brgy. Sample 33,
63,14.610308,120.998454,theft,2026-03-03,19:53,Manila,Brgy. Sample 16,
64,14.610047,120.981372,harassment,2025-06-16,16:15,Manila,Brgy. Sample 27,
65,14.78896,120.918519,theft,2026-01-04,22:38,Manila,Brgy. Sample 3,
66,14.607784,120.963577,robbery,2025-07-15,19:27,Quezon City,Brgy. Sample 34,
67,14.714221,121.046326,harassment,2025-04-02,19:57,Quezon City,Brgy. Sample 7,
68,14.584703,120.978488,theft,2026-02-15,09:52,Quezon City,Brgy. Sample 20,
69,14.672413,121.135512,assault,2025-10-18,18:56,Manila,Brgy. Sample 44,
70,14.774178,120.920073,harassment,2026-02-08,13:14,Quezon City,Brgy. Sample 31,
71,14.497697,121.003482,harassment,2025-12-25,08:39,Manila,Brgy. Sample 1,
72,14.605755,120.997362,robbery,2025-10-13,19:06,Quezon City,Brgy. Sample 14,
73,14.554299,120.992612,assault,2025-07-30,22:46,Quezon City,Brgy. Sample 4,
74,14.607137,120.986885,theft,2025-05-06,21:31,Quezon City,Brgy. Sample 20,
75,14.545147,120.994112,assault,2025-04-29,17:31,Manila,Brgy. Sample 12,
76,14.6258,121.041002,harassment,2025-05-06,06:05,Manila,Brgy. Sample 43,
77,14.609213,120.995249,assault,2026-01-26,19:48,Quezon City,Brgy. Sample 9,
78,14.686191,121.124154,assault,2025-10-06,21:39,Quezon City,Brgy. Sample 31,
79,14.594721,120.968635,assault,2025-08-20,16:59,Manila,Brgy. Sample 10,
80,14.546443,120.994669,assault,2026-01-01,16:04,Quezon City,Brgy. Sample 47,
81,14.596588,121.002806,assault,2025-06-12,22:56,Quezon City,Brgy. Sample 11,
82,14.69072,121.022108,theft,2026-01-10,10:17,Quezon City,Brgy. Sample 48,
83,14.597948,120.997852,assault,2026-01-19,21:15,Manila,Brgy. Sample 32,
84,14.600785,120.983693,theft,2026-01-12,08:12,Manila,Brgy. Sample 11,
85,14.712325,121.048496,theft,2026-02-17,14:33,Quezon City,Brgy. Sample 37,
86,14.608639,120.999633,robbery,2026-01-09,09:55,Manila,Brgy. Sample 16,
87,14.598218,120.986345,theft,2025-12-04,14:14,Quezon City,Brgy. Sample 39,
88,14.592598,120.982424,theft,2025-12-20,23:18,Manila,Brgy. Sample 40,
89,14.622458,121.003224,robbery,2025-11-18,18:41,Quezon City,Brgy. Sample 10,
90,14.595103,120.990974,assault,2026-02-26,17:32,Quezon City,Brgy. Sample 31,
91,14.602753,120.973404,robbery,2025-09-01,06:43,Quezon City,Brgy. Sample 22,
92,14.497916,120.958065,harassment,2025-04-06,22:38,Quezon City,Brgy. Sample 7,
93,14.742897,121.136722,harassment,2026-01-19,09:08,Quezon City,Brgy. Sample 45,
94,14.591099,120.978037,harassment,2025-07-11,13:38,Quezon City,Brgy. Sample 16,
95,14.588761,121.099344,theft,2026-03-14,23:45,Quezon City,Brgy. Sample 1,
96,14.542979,120.983137,robbery,2025-05-15,10:34,Quezon City,Brgy. Sample 2,
97,14.509256,121.024016,theft,2025-06-10,00:00,Quezon City,Brgy. Sample 42,
98,14.723478,121.065726,theft,2025-08-26,22:16,Quezon City,Brgy. Sample 46,
99,14.786352,120.949079,harassment,2025-10-13,20:52,Quezon City,Brgy. Sample 48,
100,14.468088,120.909087,harassment,2026-03-16,17:27,Manila,Brgy. Sample 11,
101,14.736662,121.023199,theft,2025-09-19,16:06,Quezon City,Brgy. Sample 36,
102,14.60757,120.980965,harassment,2025-05-01,23:49,Quezon City,Brgy. Sample 22,
103,14.7636,120.987644,robbery,2025-08-26,11:56,Quezon City,Brgy. Sample 15,
104,14.506336,121.11923,assault,2025-09-10,17:41,Quezon City,Brgy. Sample 50,
105,14.760052,121.022941,assault,2025-12-01,12:35,Quezon City,Brgy. Sample 6,
106,14.612146,121.099394,assault,2025-07-31,12:29,Quezon City,Brgy. Sample 32,
107,14.555917,121.009241,theft,2025-10-21,20:35,Manila,Brgy. Sample 28,
108,14.600729,120.973138,harassment,2025-06-07,20:50,Quezon City,Brgy. Sample 10,
109,14.595892,120.968068,theft,2025-04-09,08:55,Manila,Brgy. Sample 42,
110,14.758271,121.048414,harassment,2026-01-17,16:02,Quezon City,Brgy. Sample 15,
111,14.597855,121.015279,assault,2025-04-28,16:43,Quezon City,Brgy. Sample 9,
112,14.603709,121.045011,assault,2025-11-29,09:57,Quezon City,Brgy. Sample 22,
113,14.632583,121.154568,theft,2025-07-08,09:26,Quezon City,Brgy. Sample 32,
114,14.461614,120.971854,theft,2025-11-05,02:45,Manila,Brgy. Sample 29,
115,14.441219,120.928684,assault,2025-06-17,19:47,Manila,Brgy. Sample 20,
116,14.543751,121.178456,harassment,2026-03-05,07:56,Quezon City,Brgy. Sample 21,
117,14.70839,121.055053,harassment,2026-02-14,21:23,Manila,Brgy. Sample 43,
118,14.605122,121.003242,harassment,2026-03-02,22:47,Quezon City,Brgy. Sample 29,
119,14.548584,120.953607,harassment,2025-12-19,07:29,Quezon City,Brgy. Sample 25,
120,14.754103,121.184755,theft,2025-08-29,11:26,Quezon City,Brgy. Sample 38,
121,14.48201,121.053304,theft,2026-03-22,19:33,Quezon City,Brgy. Sample 22,
122,14.549218,120.981256,robbery,2025-09-01,20:18,Quezon City,Brgy. Sample 46,
123,14.402803,121.001404,harassment,2025-06-21,02:18,Quezon City,Brgy. Sample 23,
124,14.520534,120.909896,robbery,2025-10-15,22:24,Manila,Brgy. Sample 8,
125,14.459185,120.93476,assault,2025-09-27,16:00,Manila,Brgy. Sample 44,
126,14.531695,120.99548,robbery,2026-03-21,20:36,Manila,Brgy. Sample 27,
127,14.49223,121.172077,assault,2026-01-24,19:34,Quezon City,Brgy. Sample 16,
128,14.609535,121.010405,harassment,2025-05-19,20:15,Manila,Brgy. Sample 37,
129,14.601537,120.973113,robbery,2025-09-16,07:11,Manila,Brgy. Sample 1,
130,14.414287,120.915129,theft,2026-01-20,08:55,Quezon City,Brgy. Sample 15,
131,14.580638,120.977367,assault,2025-06-24,20:36,Quezon City,Brgy. Sample 41,
132,14.715609,121.145982,harassment,2025-06-17,05:59,Quezon City,Brgy. Sample 12,
133,14.632099,121.156449,assault,2025-08-10,11:16,Quezon City,Brgy. Sample 26,
134,14.725836,121.075868,assault,2025-12-20,10:28,Manila,Brgy. Sample 50,
135,14.672879,121.197981,robbery,2025-12-09,01:38,Manila,Brgy. Sample 17,
136,14.53357,120.982821,harassment,2026-01-30,19:41,Manila,Brgy. Sample 32,
137,14.771498,121.007256,assault,2025-12-13,19:02,Quezon City,Brgy. Sample 18,
138,14.606454,120.998122,assault,2025-11-15,20:13,Quezon City,Brgy. Sample 9,
139,14.680012,121.041812,harassment,2025-11-26,18:28,Quezon City,Brgy. Sample 18,
140,14.639946,121.014497,harassment,2026-01-11,13:56,Quezon City,Brgy. Sample 48,
141,14.657646,121.009578,assault,2026-01-10,16:09,Quezon City,Brgy. Sample 50,
142,14.609404,120.988473,harassment,2025-07-17,16:07,Manila,Brgy. Sample 6,
143,14.678736,121.113455,theft,2026-02-21,23:51,Manila,Brgy. Sample 36,
144,14.583964,120.985615,robbery,2025-05-26,16:42,Manila,Brgy. Sample 40,
145,14.60513,120.970936,assault,2025-09-22,08:39,Manila,Brgy. Sample 12,
146,14.679493,121.033592,robbery,2026-02-17,14:25,Quezon City,Brgy. Sample 45,
147,14.70433,121.130931,harassment,2025-09-18,10:42,Quezon City,Brgy. Sample 18,
148,14.59438,120.97778,theft,2026-03-15,14:38,Manila,Brgy. Sample 24,
149,14.542499,120.976829,harassment,2025-04-06,19:11,Quezon City,Brgy. Sample 22,
150,14.603436,120.973336,robbery,2025-03-26,19:27,Manila,Brgy. Sample 40,
151,14.406737,121.038798,robbery,2025-11-04,15:12,Manila,Brgy. Sample 9,
152,14.406671,121.006689,assault,2025-10-22,23:20,Manila,Brgy. Sample 25,
153,14.541642,121.057263,robbery,2025-11-19,21:17,Quezon City,Brgy. Sample 45,
154,14.599651,121.016824,robbery,2025-10-15,22:50,Quezon City,Brgy. Sample 22,
155,14.610152,120.974135,harassment,2025-04-11,09:39,Manila,Brgy. Sample 6,
156,14.590043,120.978729,harassment,2025-08-19,20:12,Quezon City,Brgy. Sample 31,
157,14.794609,121.04557,assault,2025-11-22,12:15,Manila,Brgy. Sample 17,
158,14.593182,120.985909,assault,2026-01-12,13:54,Quezon City,Brgy. Sample 37,
159,14.781335,120.900443,theft,2025-10-09,19:26,Quezon City,Brgy. Sample 27,
160,14.598108,121.006283,harassment,2025-09-25,22:08,Quezon City,Brgy. Sample 46,
161,14.532061,120.985721,assault,2025-07-31,17:41,Quezon City,Brgy. Sample 28,
162,14.631975,121.089957,robbery,2025-04-02,23:25,Manila,Brgy. Sample 49,
163,14.529894,120.992674,robbery,2025-10-01,04:47,Quezon City,Brgy. Sample 17,
164,14.685642,121.082822,assault,2025-05-15,17:02,Quezon City,Brgy. Sample 47,
165,14.602814,120.977442,assault,2025-10-01,18:20,Manila,Brgy. Sample 10,
166,14.742811,121.164547,harassment,2026-02-14,17:02,Manila,Brgy. Sample 23,
167,14.656062,121.071414,theft,2025-07-08,18:32,Manila,Brgy. Sample 14,
168,14.550471,121.175831,theft,2026-02-23,20:27,Manila,Brgy. Sample 5,
169,14.620558,121.062886,assault,2025-10-13,08:17,Quezon City,Brgy. Sample 45,
170,14.60252,121.154761,assault,2025-08-29,08:47,Manila,Brgy. Sample 40,
171,14.772252,121.086272,harassment,2025-08-01,12:42,Manila,Brgy. Sample 35,
172,14.735731,121.130607,theft,2026-01-29,19:05,Manila,Brgy. Sample 29,
173,14.480153,120.958422,harassment,2026-02-03,12:35,Manila,Brgy. Sample 13,
174,14.599284,120.904693,robbery,2025-09-12,10:21,Quezon City,Brgy. Sample 16,
175,14.731194,120.950658,assault,2025-06-16,19:58,Quezon City,Brgy. Sample 16,
176,14.616092,120.95214,harassment,2025-04-25,12:57,Manila,Brgy. Sample 7,
177,14.493003,120.917348,robbery,2025-08-03,18:40,Quezon City,Brgy. Sample 25,
178,14.549304,121.003096,robbery,2026-01-13,22:45,Quezon City,Brgy. Sample 28,
179,14.606059,120.993738,robbery,2026-03-07,19:57,Manila,Brgy. Sample 8,
180,14.683427,121.09715,assault,2025-07-18,23:03,Manila,Brgy. Sample 40,
181,14.729373,120.934164,assault,2026-01-05,13:09,Manila,Brgy. Sample 38,
182,14.536297,120.974513,robbery,2026-01-09,20:37,Manila,Brgy. Sample 19,
183,14.563702,121.012788,theft,2026-03-02,22:52,Quezon City,Brgy. Sample 29,
184,14.611639,121.03075,harassment,2025-12-24,18:13,Manila,Brgy. Sample 37,
185,14.644997,120.959445,theft,2025-05-28,01:08,Manila,Brgy. Sample 1,
186,14.75581,121.146395,harassment,2025-12-28,09:19,Manila,Brgy. Sample 49,
187,14.607896,120.979456,robbery,2025-06-30,14:19,Quezon City,Brgy. Sample 30,
188,14.506665,121.162536,assault,2025-05-18,16:31,Quezon City,Brgy. Sample 14,
189,14.684423,120.943489,theft,2026-02-05,06:01,Quezon City,Brgy. Sample 37,
190,14.616572,121.01305,theft,2025-11-05,18:14,Manila,Brgy. Sample 21,
191,14.681691,121.068584,assault,2025-06-12,18:44,Manila,Brgy. Sample 11,
192,14.442027,121.141208,harassment,2025-07-21,08:37,Manila,Brgy. Sample 8,
193,14.678171,120.956689,robbery,2025-11-09,13:13,Manila,Brgy. Sample 13,
194,14.589951,120.974757,assault,2025-12-10,10:34,Manila,Brgy. Sample 23,
195,14.733434,120.948237,theft,2026-01-22,00:49,Manila,Brgy. Sample 45,
196,14.61953,120.96624,Physical Injury / Brawl,2026-03-25,12:00,Manila,Tondo (Zaragoza St),High; Statistical Hotspot
197,14.50678,120.99179,Smuggling (P102M Shabu),2026-03-25,12:00,Manila,NAIA Terminal 1 (Border),High; Real News (Simulated)
198,14.50691,120.99385,Smuggling (P102M Shabu),2026-03-25,12:00,Manila,NAIA Terminal 1 (Border),High; Real News (Simulated)
199,14.62724,121.00787,Drug Seizure (P142M Shabu),2026-03-24,12:00,Quezon City,Sto. Domingo,High; Real News (Simulated)
200,14.72896,121.05754,Robbery (Jewelry Store),2026-03-24,12:00,Quezon City,Pasong Putik,High; Real News (Simulated)
201,14.67522,121.08013,Animal Cruelty,2026-03-22,12:00,Quezon City,Holy Spirit,Low; Real News (Simulated)
202,14.61803,120.96541,Physical Injury / Brawl,2026-03-22,12:00,Manila,Tondo (Zaragoza St),High; Statistical Hotspot
203,14.66792,121.05096,Vehicular Crash,2026-03-22,12:00,Quezon City,Commonwealth Ave,High; Statistical Hotspot
204,14.7348,121.04274,House Robbery,2026-03-22,12:00,Quezon City,Kaligayahan (Zabarte Rd),Medium; Real News (Simulated)
205,14.7341,121.04,House Robbery,2026-03-21,12:00,Quezon City,Kaligayahan (Zabarte Rd),Medium; Real News (Simulated)
206,14.62048,121.01575,Armed Siege / Trespassing,2026-03-21,12:00,Quezon City,Vibal Publishing Compound,High; Real News (Scraped)
207,14.5968,120.98523,Theft,2026-03-21,12:00,Manila,Quiapo Market,Medium; Statistical Hotspot
208,14.67003,121.04968,Vehicular Crash,2026-03-20,12:00,Quezon City,Commonwealth Ave,High; Statistical Hotspot
209,14.7316,121.05682,Robbery (Jewelry Store),2026-03-20,12:00,Quezon City,Pasong Putik,High; Real News (Simulated)
210,14.62583,121.00816,Drug Seizure (P142M Shabu),2026-03-20,12:00,Quezon City,Sto. Domingo,High; Real News (Simulated)
211,14.6698,121.04958,Vehicular Crash,2026-03-19,12:00,Quezon City,Commonwealth Ave,High; Statistical Hotspot
212,14.5991,120.98456,Theft,2026-03-18,12:00,Manila,Quiapo Market,Medium; Statistical Hotspot
213,14.67598,121.078,Animal Cruelty,2026-03-17,12:00,Quezon City,Holy Spirit,Low; Real News (Simulated)
214,14.61781,120.96579,Physical Injury / Brawl,2026-03-17,12:00,Manila,Tondo (Zaragoza St),High; Statistical Hotspot
215,14.72881,121.05538,Robbery (Jewelry Store),2026-03-17,12:00,Quezon City,Pasong Putik,High; Real News (Simulated)
216,14.60508,120.99294,Snatching,2026-03-17,12:00,Manila,University Belt,Medium; Statistical Hotspot
217,14.72917,121.0572,Robbery (Jewelry Store),2026-03-16,12:00,Quezon City,Pasong Putik,High; Real News (Simulated)
218,14.73091,121.05646,Robbery (Jewelry Store),2026-03-16,12:00,Quezon City,Pasong Putik,High; Real News (Simulated)
219,14.6215,120.96804,Physical Injury / Brawl,2026-03-15,12:00,Manila,Tondo (Zaragoza St),High; Statistical Hotspot
220,14.73521,121.04052,House Robbery,2026-03-15,12:00,Quezon City,Kaligayahan (Zabarte Rd),Medium; Real News (Simulated)
221,14.73279,121.05837,Robbery (Jewelry Store),2026-03-15,12:00,Quezon City,Pasong Putik,High; Real News (Simulated)
222,14.62109,120.9683,Physical Injury / Brawl,2026-03-15,12:00,Manila,Tondo (Zaragoza St),High; Statistical Hotspot
223,14.59956,120.98328,Theft,2026-03-15,12:00,Manila,Quiapo Market,Medium; Statistical Hotspot
224,14.73694,121.04393,House Robbery,2026-03-14,12:00,Quezon City,Kaligayahan (Zabarte Rd),Medium; Real News (Scraped)
225,14.61961,120.96512,Physical Injury / Brawl,2026-03-14,12:00,Manila,Tondo (Zaragoza St),High; Statistical Hotspot
226,14.60651,120.99345,Snatching,2026-03-14,12:00,Manila,University Belt,Medium; Statistical Hotspot
227,14.62667,121.00464,Drug Seizure (P142M Shabu),2026-03-13,12:00,Quezon City,Sto. Domingo,High; Real News (Simulated)
228,14.67686,121.0805,Animal Cruelty,2026-03-11,12:00,Quezon City,Holy Spirit,Low; Real News (Simulated)
229,14.60637,120.99197,Snatching,2026-03-10,12:00,Manila,University Belt,Medium; Statistical Hotspot
230,14.5074,120.99155,Smuggling (P102M Shabu),2026-03-10,12:00,Manila,NAIA Terminal 1 (Border),High; Real News (Scraped)
231,14.6746,121.08127,Animal Cruelty,2026-03-09,12:00,Quezon City,Holy Spirit,Low; Real News (Simulated)
232,14.59741,120.98512,Theft,2026-03-09,12:00,Manila,Quiapo Market,Medium; Statistical Hotspot
233,14.57987,120.98344,Robbery / Extortion,2026-03-08,12:00,Manila,Ermita,High; Real News (Simulated)
234,14.73144,121.0572,Robbery (Jewelry Store),2026-03-08,12:00,Quezon City,Pasong Putik,High; Real News (Simulated)
235,14.62806,121.00831,Drug Seizure (P142M Shabu),2026-03-07,12:00,Quezon City,Sto. Domingo,High; Real News (Simulated)
236,14.59854,120.98344,Theft,2026-03-06,12:00,Manila,Quiapo Market,Medium; Statistical Hotspot
237,14.60429,120.99401,Snatching,2026-03-06,12:00,Manila,University Belt,Medium; Statistical Hotspot
238,14.60338,120.99178,Snatching,2026-03-06,12:00,Manila,University Belt,Medium; Statistical Hotspot
239,14.62127,121.01499,Armed Siege / Trespassing,2026-03-05,12:00,Quezon City,Vibal Publishing Compound,High; Real News (Scraped)
240,14.61902,121.05335,Theft (Pickpocketing),2026-03-05,12:00,Quezon City,Cubao (Aurora Blvd),Medium; Statistical Hotspot
241,14.72896,121.05646,Robbery (Jewelry Store),2026-03-05,12:00,Quezon City,Pasong Putik,High; Real News (Simulated)
242,14.61898,121.05168,Theft (Pickpocketing),2026-03-05,12:00,Quezon City,Cubao (Aurora Blvd),Medium; Statistical Hotspot
243,14.73367,121.04122,House Robbery,2026-03-05,12:00,Quezon City,Kaligayahan (Zabarte Rd),Medium; Real News (Simulated)
244,14.62003,121.0534,Theft (Pickpocketing),2026-03-04,12:00,Quezon City,Cubao (Aurora Blvd),Medium; Statistical Hotspot
245,14.61766,121.05141,Theft (Pickpocketing),2026-03-04,12:00,Quezon City,Cubao (Aurora Blvd),Medium; Statistical Hotspot
246,14.73473,121.04243,House Robbery,2026-03-04,12:00,Quezon City,Kaligayahan (Zabarte Rd),Medium; Real News (Simulated)
247,14.60038,120.98574,Theft,2026-03-04,12:00,Manila,Quiapo Market,Medium; Statistical Hotspot
248,14.6204,121.01496,Armed Siege / Trespassing,2026-03-03,12:00,Quezon City,Vibal Publishing Compound,High; Real News (Simulated)
249,14.73393,121.04349,House Robbery,2026-03-03,12:00,Quezon City,Kaligayahan (Zabarte Rd),Medium; Real News (Simulated)
250,14.60404,120.99217,Snatching,2026-03-03,12:00,Manila,University Belt,Medium; Statistical Hotspot
251,14.60717,120.99027,Snatching,2026-03-02,12:00,Manila,University Belt,Medium; Statistical Hotspot
252,14.61822,120.96526,Physical Injury / Brawl,2026-03-02,12:00,Manila,Tondo (Zaragoza St),High; Statistical Hotspot
253,14.66691,121.05076,Vehicular Crash,2026-03-02,12:00,Quezon City,Commonwealth Ave,High; Statistical Hotspot
254,14.73199,121.05798,Robbery (Jewelry Store),2026-03-02,12:00,Quezon City,Pasong Putik,High; Real News (Simulated)
255,14.67657,121.08041,Animal Cruelty,2026-02-28,12:00,Quezon City,Holy Spirit,Low; Real News (Simulated)
256,14.61996,121.05359,Theft (Pickpocketing),2026-02-28,12:00,Quezon City,Cubao (Aurora Blvd),Medium; Statistical Hotspot
257,14.61986,121.05143,Theft (Pickpocketing),2026-02-27,12:00,Quezon City,Cubao (Aurora Blvd),Medium; Statistical Hotspot
258,14.6215,120.96686,Physical Injury / Brawl,2026-02-27,12:00,Manila,Tondo (Zaragoza St),High; Statistical Hotspot
259,14.57608,120.98056,Robbery / Extortion,2026-02-26,12:00,Manila,Ermita,High; Real News (Simulated)
260,14.62808,121.00654,Drug Seizure (P142M Shabu),2026-02-26,12:00,Quezon City,Sto. Domingo,High; Real News (Simulated)
261,14.67311,121.08103,Animal Cruelty,2026-02-25,12:00,Quezon City,Holy Spirit,Low; Real News (Simulated)
262,14.61994,121.05188,Theft (Pickpocketing),2026-02-25,12:00,Quezon City,Cubao (Aurora Blvd),Medium; Statistical Hotspot
263,14.61971,120.96578,Physical Injury / Brawl,2026-02-25,12:00,Manila,Tondo (Zaragoza St),High; Statistical Hotspot
264,14.62099,121.01611,Armed Siege / Trespassing,2026-02-24,12:00,Quezon City,Vibal Publishing Compound,High; Real News (Simulated)
265,14.61979,121.05143,Theft (Pickpocketing),2026-02-24,12:00,Quezon City,Cubao (Aurora Blvd),Medium; Statistical Hotspot
266,14.66639,121.05074,Vehicular Crash,2026-02-24,12:00,Quezon City,Commonwealth Ave,High; Statistical Hotspot
267,14.66679,121.05043,Vehicular Crash,2026-02-23,12:00,Quezon City,Commonwealth Ave,High; Statistical Hotspot
268,14.61723,121.05143,Theft (Pickpocketing),2026-02-22,12:00,Quezon City,Cubao (Aurora Blvd),Medium; Statistical Hotspot
269,14.50839,120.99192,Smuggling (P102M Shabu),2026-02-22,12:00,Manila,NAIA Terminal 1 (Border),High; Real News (Scraped)
270,14.50741,120.99265,Smuggling (P102M Shabu),2026-02-22,12:00,Manila,NAIA Terminal 1 (Border),High; Real News (Simulated)
271,14.50979,120.9934,Smuggling (P102M Shabu),2026-02-22,12:00,Manila,NAIA Terminal 1 (Border),High; Real News (Simulated)
272,14.60367,120.99062,Snatching,2026-02-22,12:00,Manila,University Belt,Medium; Statistical Hotspot
273,14.61834,121.015,Armed Siege / Trespassing,2026-02-22,12:00,Quezon City,Vibal Publishing Compound,High; Real News (Simulated)
274,14.62097,120.96736,Physical Injury / Brawl,2026-02-22,12:00,Manila,Tondo (Zaragoza St),High; Statistical Hotspot
275,14.57909,120.98427,Robbery / Extortion,2026-02-21,12:00,Manila,Ermita,High; Real News (Simulated)
276,14.57806,120.98286,Robbery / Extortion,2026-02-21,12:00,Manila,Ermita,High; Real News (Simulated)
277,14.6185,120.96762,Physical Injury / Brawl,2026-02-20,12:00,Manila,Tondo (Zaragoza St),High; Statistical Hotspot
278,14.60358,120.99401,Snatching,2026-02-20,12:00,Manila,University Belt,Medium; Statistical Hotspot
279,14.6196,121.01578,Armed Siege / Trespassing,2026-02-20,12:00,Quezon City,Vibal Publishing Compound,High; Real News (Simulated)
280,14.60356,120.9925,Snatching,2026-02-20,12:00,Manila,University Belt,Medium; Statistical Hotspot
281,14.6064,120.99156,Snatching,2026-02-19,12:00,Manila,University Belt,Medium; Statistical Hotspot
282,14.61991,121.05111,Theft (Pickpocketing),2026-02-19,12:00,Quezon City,Cubao (Aurora Blvd),Medium; Statistical Hotspot
283,14.59793,120.98487,Theft,2026-02-19,12:00,Manila,Quiapo Market,Medium; Statistical Hotspot
284,14.509,120.9915,Smuggling (P102M Shabu),2026-02-19,12:00,Manila,NAIA Terminal 1 (Border),High; Real News (Simulated)
285,14.66685,121.05234,Vehicular Crash,2026-02-19,12:00,Quezon City,Commonwealth Ave,High; Statistical Hotspot
286,14.62114,120.96677,Physical Injury / Brawl,2026-02-19,12:00,Manila,Tondo (Zaragoza St),High; Statistical Hotspot
287,14.62048,121.01591,Armed Siege / Trespassing,2026-02-19,12:00,Quezon City,Vibal Publishing Compound,High; Real News (Simulated)
288,14.60673,120.99028,Snatching,2026-02-18,12:00,Manila,University Belt,Medium; Statistical Hotspot
289,14.67689,121.07802,Animal Cruelty,2026-02-18,12:00,Quezon City,Holy Spirit,Low; Real News (Simulated)
290,14.67375,121.08062,Animal Cruelty,2026-02-17,12:00,Quezon City,Holy Spirit,Low; Real News (Simulated)
291,14.57859,120.98178,Robbery / Extortion,2026-02-16,12:00,Manila,Ermita,High; Real News (Scraped)
292,14.73005,121.05769,Robbery (Jewelry Store),2026-02-16,12:00,Quezon City,Pasong Putik,High; Real News (Simulated)
293,14.60386,120.99309,Snatching,2026-02-16,12:00,Manila,University Belt,Medium; Statistical Hotspot
294,14.62571,121.0046,Drug Seizure (P142M Shabu),2026-02-16,12:00,Quezon City,Sto. Domingo,High; Real News (Simulated)
295,14.60423,120.99146,Snatching,2026-02-16,12:00,Manila,University Belt,Medium; Statistical Hotspot
296,14.66878,121.04944,Vehicular Crash,2026-02-15,12:00,Quezon City,Commonwealth Ave,High; Statistical Hotspot
297,14.50684,120.99249,Smuggling (P102M Shabu),2026-02-15,12:00,Manila,NAIA Terminal 1 (Border),High; Real News (Simulated)
298,14.67574,121.07858,Animal Cruelty,2026-02-15,12:00,Quezon City,Holy Spirit,Low; Real News (Simulated)
299,14.50983,120.99104,Smuggling (P102M Shabu),2026-02-14,12:00,Manila,NAIA Terminal 1 (Border),High; Real News (Simulated)
300,14.73419,121.04141,House Robbery,2026-02-14,12:00,Quezon City,Kaligayahan (Zabarte Rd),Medium; Real News (Scraped)
301,14.66626,121.05031,Vehicular Crash,2026-02-14,12:00,Quezon City,Commonwealth Ave,High; Statistical Hotspot
302,14.60508,120.9931,Snatching,2026-02-13,12:00,Manila,University Belt,Medium; Statistical Hotspot
303,14.73462,121.04242,House Robbery,2026-02-13,12:00,Quezon City,Kaligayahan (Zabarte Rd),Medium; Real News (Scraped)
304,14.6264,121.00576,Drug Seizure (P142M Shabu),2026-02-13,12:00,Quezon City,Sto. Domingo,High; Real News (Simulated)
305,14.67587,121.08161,Animal Cruelty,2026-02-13,12:00,Quezon City,Holy Spirit,Low; Real News (Simulated)
306,14.57669,120.9807,Robbery / Extortion,2026-02-12,12:00,Manila,Ermita,High; Real News (Simulated)
307,14.62776,121.00687,Drug Seizure (P142M Shabu),2026-02-12,12:00,Quezon City,Sto. Domingo,High; Real News (Simulated)
308,14.59997,120.98426,Theft,2026-02-12,12:00,Manila,Quiapo Market,Medium; Statistical Hotspot
309,14.59782,120.98418,Theft,2026-02-11,12:00,Manila,Quiapo Market,Medium; Statistical Hotspot
310,14.67596,121.08072,Animal Cruelty,2026-02-11,12:00,Quezon City,Holy Spirit,Low; Real News (Simulated)
311,14.67427,121.0813,Animal Cruelty,2026-02-11,12:00,Quezon City,Holy Spirit,Low; Real News (Scraped)
312,14.73585,121.04391,House Robbery,2026-02-10,12:00,Quezon City,Kaligayahan (Zabarte Rd),Medium; Real News (Simulated)
313,14.62011,120.968,Physical Injury / Brawl,2026-02-10,12:00,Manila,Tondo (Zaragoza St),High; Statistical Hotspot
314,14.62047,121.0523,Theft (Pickpocketing),2026-02-10,12:00,Quezon City,Cubao (Aurora Blvd),Medium; Statistical Hotspot
315,14.67462,121.08181,Animal Cruelty,2026-02-10,12:00,Quezon City,Holy Spirit,Low; Real News (Simulated)
316,14.59799,120.9838,Theft,2026-02-09,12:00,Manila,Quiapo Market,Medium; Statistical Hotspot
317,14.66865,121.04952,Vehicular Crash,2026-02-09,12:00,Quezon City,Commonwealth Ave,High; Statistical Hotspot
318,14.59716,120.9856,Theft,2026-02-09,12:00,Manila,Quiapo Market,Medium; Statistical Hotspot
319,14.61711,121.05456,Theft (Pickpocketing),2026-02-09,12:00,Quezon City,Cubao (Aurora Blvd),Medium; Statistical Hotspot
320,14.62079,121.01546,Armed Siege / Trespassing,2026-02-09,12:00,Quezon City,Vibal Publishing Compound,High; Real News (Simulated)
321,14.67603,121.07808,Animal Cruelty,2026-02-09,12:00,Quezon City,Holy Spirit,Low; Real News (Simulated)
322,14.5077,120.99054,Smuggling (P102M Shabu),2026-02-08,12:00,Manila,NAIA Terminal 1 (Border),High; Real News (Simulated)
323,14.60635,120.99383,Snatching,2026-02-08,12:00,Manila,University Belt,Medium; Statistical Hotspot
324,14.61931,120.96846,Physical Injury / Brawl,2026-02-08,12:00,Manila,Tondo (Zaragoza St),High; Statistical Hotspot
325,14.60363,120.99311,Snatching,2026-02-08,12:00,Manila,University Belt,Medium; Statistical Hotspot
326,14.60022,120.9841,Theft,2026-02-08,12:00,Manila,Quiapo Market,Medium; Statistical Hotspot
327,14.61938,121.05345,Theft (Pickpocketing),2026-02-08,12:00,Quezon City,Cubao (Aurora Blvd),Medium; Statistical Hotspot
328,14.61869,121.05272,Theft (Pickpocketing),2026-02-08,12:00,Quezon City,Cubao (Aurora Blvd),Medium; Statistical Hotspot
329,14.57945,120.9817,Robbery / Extortion,2026-02-07,12:00,Manila,Ermita,High; Real News (Simulated)
330,14.61822,120.9671,Physical Injury / Brawl,2026-02-06,12:00,Manila,Tondo (Zaragoza St),High; Statistical Hotspot
331,14.66925,121.05,Vehicular Crash,2026-02-04,12:00,Quezon City,Commonwealth Ave,High; Statistical Hotspot
332,14.59831,120.9856,Theft,2026-02-04,12:00,Manila,Quiapo Market,Medium; Statistical Hotspot
333,14.61859,121.0166,Armed Siege / Trespassing,2026-02-04,12:00,Quezon City,Vibal Publishing Compound,High; Real News (Simulated)
334,14.50782,120.99048,Smuggling (P102M Shabu),2026-02-04,12:00,Manila,NAIA Terminal 1 (Border),High; Real News (Scraped)
335,14.61796,120.96593,Physical Injury / Brawl,2026-02-04,12:00,Manila,Tondo (Zaragoza St),High; Statistical Hotspot
336,14.60061,120.98293,Theft,2026-02-04,12:00,Manila,Quiapo Market,Medium; Statistical Hotspot
337,14.50872,120.9905,Smuggling (P102M Shabu),2026-02-03,12:00,Manila,NAIA Terminal 1 (Border),High; Real News (Simulated)
338,14.60637,120.99114,Snatching,2026-02-03,12:00,Manila,University Belt,Medium; Statistical Hotspot
339,14.61971,121.01503,Armed Siege / Trespassing,2026-02-03,12:00,Quezon City,Vibal Publishing Compound,High; Real News (Simulated)
340,14.59733,120.98273,Theft,2026-02-03,12:00,Manila,Quiapo Market,Medium; Statistical Hotspot
341,14.62019,121.05188,Theft (Pickpocketing),2026-02-02,12:00,Quezon City,Cubao (Aurora Blvd),Medium; Statistical Hotspot
342,14.67539,121.08075,Animal Cruelty,2026-02-01,12:00,Quezon City,Holy Spirit,Low; Real News (Scraped)
343,14.73133,121.05694,Robbery (Jewelry Store),2026-01-31,12:00,Quezon City,Pasong Putik,High; Real News (Simulated)
344,14.67635,121.08169,Animal Cruelty,2026-01-31,12:00,Quezon City,Holy Spirit,Low; Real News (Simulated)
345,14.62642,121.00761,Drug Seizure (P142M Shabu),2026-01-31,12:00,Quezon City,Sto. Domingo,High; Real News (Simulated)
346,14.59945,120.98397,Theft,2026-01-30,12:00,Manila,Quiapo Market,Medium; Statistical Hotspot
347,14.62071,121.05191,Theft (Pickpocketing),2026-01-29,12:00,Quezon City,Cubao (Aurora Blvd),Medium; Statistical Hotspot
348,14.59998,120.98361,Theft,2026-01-29,12:00,Manila,Quiapo Market,Medium; Statistical Hotspot
349,14.60646,120.99253,Snatching,2026-01-28,12:00,Manila,University Belt,Medium; Statistical Hotspot
350,14.61865,120.9659,Physical Injury / Brawl,2026-01-28,12:00,Manila,Tondo (Zaragoza St),High; Statistical Hotspot
351,14.50772,120.99426,Smuggling (P102M Shabu),2026-01-28,12:00,Manila,NAIA Terminal 1 (Border),High; Real News (Simulated)
352,14.62065,121.05188,Theft (Pickpocketing),2026-01-27,12:00,Quezon City,Cubao (Aurora Blvd),Medium; Statistical Hotspot
353,14.57704,120.98248,Robbery / Extortion,2026-01-26,12:00,Manila,Ermita,High; Real News (Simulated)
354,14.61926,121.05471,Theft (Pickpocketing),2026-01-26,12:00,Quezon City,Cubao (Aurora Blvd),Medium; Statistical Hotspot
355,14.62127,121.01389,Armed Siege / Trespassing,2026-01-25,12:00,Quezon City,Vibal Publishing Compound,High; Real News (Simulated)
356,14.59999,120.98496,Theft,2026-01-25,12:00,Manila,Quiapo Market,Medium; Statistical Hotspot
357,14.50779,120.99414,Smuggling (P102M Shabu),2026-01-25,12:00,Manila,NAIA Terminal 1 (Border),High; Real News (Simulated)
358,14.66832,121.05028,Vehicular Crash,2026-01-24,12:00,Quezon City,Commonwealth Ave,High; Statistical Hotspot
359,14.67562,121.07804,Animal Cruelty,2026-01-24,12:00,Quezon City,Holy Spirit,Low; Real News (Simulated)
360,14.62168,121.01324,Armed Siege / Trespassing,2026-01-23,12:00,Quezon City,Vibal Publishing Compound,High; Real News (Simulated)
361,14.62608,121.00531,Drug Seizure (P142M Shabu),2026-01-23,12:00,Quezon City,Sto. Domingo,High; Real News (Scraped)
362,14.62078,120.96879,Physical Injury / Brawl,2026-01-23,12:00,Manila,Tondo (Zaragoza St),High; Statistical Hotspot
363,14.62033,121.05435,Theft (Pickpocketing),2026-01-22,12:00,Quezon City,Cubao (Aurora Blvd),Medium; Statistical Hotspot
364,14.59777,120.98193,Theft,2026-01-21,12:00,Manila,Quiapo Market,Medium; Statistical Hotspot
365,14.62057,120.96847,Physical Injury / Brawl,2026-01-21,12:00,Manila,Tondo (Zaragoza St),High; Statistical Hotspot
366,14.67555,121.07841,Animal Cruelty,2026-01-21,12:00,Quezon City,Holy Spirit,Low; Real News (Simulated)
367,14.51031,120.99089,Smuggling (P102M Shabu),2026-01-21,12:00,Manila,NAIA Terminal 1 (Border),High; Real News (Simulated)
368,14.50699,120.9932,Smuggling (P102M Shabu),2026-01-21,12:00,Manila,NAIA Terminal 1 (Border),High; Real News (Simulated)
369,14.73661,121.04381,House Robbery,2026-01-21,12:00,Quezon City,Kaligayahan (Zabarte Rd),Medium; Real News (Simulated)
370,14.73252,121.05643,Robbery (Jewelry Store),2026-01-20,12:00,Quezon City,Pasong Putik,High; Real News (Scraped)
371,14.57963,120.98156,Robbery / Extortion,2026-01-20,12:00,Manila,Ermita,High; Real News (Simulated)
372,14.50899,120.99152,Smuggling (P102M Shabu),2026-01-20,12:00,Manila,NAIA Terminal 1 (Border),High; Real News (Scraped)
373,14.60653,120.99039,Snatching,2026-01-20,12:00,Manila,University Belt,Medium; Statistical Hotspot
374,14.60629,120.99167,Snatching,2026-01-20,12:00,Manila,University Belt,Medium; Statistical Hotspot
375,14.61859,120.96584,Physical Injury / Brawl,2026-01-20,12:00,Manila,Tondo (Zaragoza St),High; Statistical Hotspot
376,14.67643,121.07874,Animal Cruelty,2026-01-19,12:00,Quezon City,Holy Spirit,Low; Real News (Scraped)
377,14.50701,120.99315,Smuggling (P102M Shabu),2026-01-19,12:00,Manila,NAIA Terminal 1 (Border),High; Real News (Simulated)
378,14.60678,120.99398,Snatching,2026-01-19,12:00,Manila,University Belt,Medium; Statistical Hotspot
379,14.73635,121.04236,House Robbery,2026-01-19,12:00,Quezon City,Kaligayahan (Zabarte Rd),Medium; Real News (Simulated)
380,14.61869,121.01531,Armed Siege / Trespassing,2026-01-19,12:00,Quezon City,Vibal Publishing Compound,High; Real News (Simulated)
381,14.67006,121.05,Vehicular Crash,2026-01-18,12:00,Quezon City,Commonwealth Ave,High; Statistical Hotspot
382,14.50941,120.99044,Smuggling (P102M Shabu),2026-01-18,12:00,Manila,NAIA Terminal 1 (Border),High; Real News (Simulated)
383,14.60483,120.99048,Snatching,2026-01-18,12:00,Manila,University Belt,Medium; Statistical Hotspot
384,14.62486,121.00515,Drug Seizure (P142M Shabu),2026-01-18,12:00,Quezon City,Sto. Domingo,High; Real News (Simulated)
385,14.62175,121.01523,Armed Siege / Trespassing,2026-01-18,12:00,Quezon City,Vibal Publishing Compound,High; Real News (Simulated)
386,14.62679,121.00538,Drug Seizure (P142M Shabu),2026-01-18,12:00,Quezon City,Sto. Domingo,High; Real News (Scraped)
387,14.66614,121.05201,Vehicular Crash,2026-01-17,12:00,Quezon City,Commonwealth Ave,High; Statistical Hotspot
388,14.59983,120.98446,Theft,2026-01-17,12:00,Manila,Quiapo Market,Medium; Statistical Hotspot
389,14.62049,121.05362,Theft (Pickpocketing),2026-01-17,12:00,Quezon City,Cubao (Aurora Blvd),Medium; Statistical Hotspot
390,14.61872,120.96849,Physical Injury / Brawl,2026-01-16,12:00,Manila,Tondo (Zaragoza St),High; Statistical Hotspot
391,14.66908,121.05114,Vehicular Crash,2026-01-16,12:00,Quezon City,Commonwealth Ave,High; Statistical Hotspot
392,14.61952,121.01607,Armed Siege / Trespassing,2026-01-16,12:00,Quezon City,Vibal Publishing Compound,High; Real News (Simulated)
393,14.6202,121.01376,Armed Siege / Trespassing,2026-01-16,12:00,Quezon City,Vibal Publishing Compound,High; Real News (Scraped)
394,14.67688,121.07845,Animal Cruelty,2026-01-15,12:00,Quezon City,Holy Spirit,Low; Real News (Scraped)
395,14.62499,121.00476,Drug Seizure (P142M Shabu),2026-01-15,12:00,Quezon City,Sto. Domingo,High; Real News (Simulated)
396,14.6034,120.9905,Snatching,2026-01-14,12:00,Manila,University Belt,Medium; Statistical Hotspot
397,14.60623,120.99113,Snatching,2026-01-14,12:00,Manila,University Belt,Medium; Statistical Hotspot
398,14.5083,120.99301,Smuggling (P102M Shabu),2026-01-14,12:00,Manila,NAIA Terminal 1 (Border),High; Real News (Simulated)
399,14.50701,120.99152,Smuggling (P102M Shabu),2026-01-14,12:00,Manila,NAIA Terminal 1 (Border),High; Real News (Scraped)
400,14.7352,121.0407,House Robbery,2026-01-14,12:00,Quezon City,Kaligayahan (Zabarte Rd),Medium; Real News (Simulated)
401,14.72981,121.05737,Robbery (Jewelry Store),2026-01-14,12:00,Quezon City,Pasong Putik,High; Real News (Scraped)
402,14.61716,121.05256,Theft (Pickpocketing),2026-01-14,12:00,Quezon City,Cubao (Aurora Blvd),Medium; Statistical Hotspot
403,14.60466,120.99295,Snatching,2026-01-13,12:00,Manila,University Belt,Medium; Statistical Hotspot
404,14.67661,121.07964,Animal Cruelty,2026-01-13,12:00,Quezon City,Holy Spirit,Low; Real News (Scraped)
405,14.57792,120.98354,Robbery / Extortion,2026-01-13,12:00,Manila,Ermita,High; Real News (Simulated)
406,14.60393,120.9905,Snatching,2026-01-13,12:00,Manila,University Belt,Medium; Statistical Hotspot
407,14.62805,121.00623,Drug Seizure (P142M Shabu),2026-01-13,12:00,Quezon City,Sto. Domingo,High; Real News (Simulated)
408,14.61786,121.05464,Theft (Pickpocketing),2026-01-12,12:00,Quezon City,Cubao (Aurora Blvd),Medium; Statistical Hotspot
409,14.72992,121.05847,Robbery (Jewelry Store),2026-01-12,12:00,Quezon City,Pasong Putik,High; Real News (Simulated)
410,14.66943,121.05164,Vehicular Crash,2026-01-12,12:00,Quezon City,Commonwealth Ave,High; Statistical Hotspot
411,14.62131,120.96781,Physical Injury / Brawl,2026-01-11,12:00,Manila,Tondo (Zaragoza St),High; Statistical Hotspot
412,14.61998,121.05107,Theft (Pickpocketing),2026-01-11,12:00,Quezon City,Cubao (Aurora Blvd),Medium; Statistical Hotspot
413,14.61823,121.05459,Theft (Pickpocketing),2026-01-11,12:00,Quezon City,Cubao (Aurora Blvd),Medium; Statistical Hotspot
414,14.60333,120.99409,Snatching,2026-01-11,12:00,Manila,University Belt,Medium; Statistical Hotspot
415,14.60625,120.99258,Snatching,2026-01-11,12:00,Manila,University Belt,Medium; Statistical Hotspot
416,14.66998,121.04873,Vehicular Crash,2026-01-10,12:00,Quezon City,Commonwealth Ave,High; Statistical Hotspot
417,14.57642,120.98212,Robbery / Extortion,2026-01-10,12:00,Manila,Ermita,High; Real News (Simulated)
418,14.67675,121.08108,Animal Cruelty,2026-01-10,12:00,Quezon City,Holy Spirit,Low; Real News (Simulated)
419,14.67618,121.0815,Animal Cruelty,2026-01-10,12:00,Quezon City,Holy Spirit,Low; Real News (Simulated)
420,14.62066,120.96507,Physical Injury / Brawl,2026-01-10,12:00,Manila,Tondo (Zaragoza St),High; Statistical Hotspot
421,14.73126,121.05697,Robbery (Jewelry Store),2026-01-10,12:00,Quezon City,Pasong Putik,High; Real News (Scraped)
422,14.61738,121.05283,Theft (Pickpocketing),2026-01-09,12:00,Quezon City,Cubao (Aurora Blvd),Medium; Statistical Hotspot
423,14.61854,121.01611,Armed Siege / Trespassing,2026-01-08,12:00,Quezon City,Vibal Publishing Compound,High; Real News (Scraped)
424,14.73398,121.0435,House Robbery,2026-01-08,12:00,Quezon City,Kaligayahan (Zabarte Rd),Medium; Real News (Scraped)
425,14.67441,121.07864,Animal Cruelty,2026-01-08,12:00,Quezon City,Holy Spirit,Low; Real News (Scraped)
426,14.60391,120.99341,Snatching,2026-01-08,12:00,Manila,University Belt,Medium; Statistical Hotspot
427,14.66699,121.05155,Vehicular Crash,2026-01-08,12:00,Quezon City,Commonwealth Ave,High; Statistical Hotspot
428,14.62604,121.00637,Drug Seizure (P142M Shabu),2026-01-06,12:00,Quezon City,Sto. Domingo,High; Real News (Scraped)
429,14.67445,121.08008,Animal Cruelty,2026-01-06,12:00,Quezon City,Holy Spirit,Low; Real News (Simulated)
430,14.57674,120.98427,Robbery / Extortion,2026-01-05,12:00,Manila,Ermita,High; Real News (Simulated)
431,14.61748,121.05446,Theft (Pickpocketing),2026-01-05,12:00,Quezon City,Cubao (Aurora Blvd),Medium; Statistical Hotspot
432,14.62568,121.00733,Drug Seizure (P142M Shabu),2026-01-05,12:00,Quezon City,Sto. Domingo,High; Real News (Simulated)
433,14.50893,120.99249,Smuggling (P102M Shabu),2026-01-05,12:00,Manila,NAIA Terminal 1 (Border),High; Real News (Simulated)
434,14.67675,121.08095,Animal Cruelty,2026-01-04,12:00,Quezon City,Holy Spirit,Low; Real News (Simulated)
435,14.6689,121.04959,Vehicular Crash,2026-01-04,12:00,Quezon City,Commonwealth Ave,High; Statistical Hotspot
436,14.62005,121.05302,Theft (Pickpocketing),2026-01-04,12:00,Quezon City,Cubao (Aurora Blvd),Medium; Statistical Hotspot
437,14.6043,120.99408,Snatching,2026-01-04,12:00,Manila,University Belt,Medium; Statistical Hotspot
438,14.61804,120.96886,Physical Injury / Brawl,2026-01-03,12:00,Manila,Tondo (Zaragoza St),High; Statistical Hotspot
439,14.51041,120.99188,Smuggling (P102M Shabu),2026-01-03,12:00,Manila,NAIA Terminal 1 (Border),High; Real News (Simulated)
440,14.61832,121.0544,Theft (Pickpocketing),2026-01-02,12:00,Quezon City,Cubao (Aurora Blvd),Medium; Statistical Hotspot
441,14.66616,121.04978,Vehicular Crash,2026-01-02,12:00,Quezon City,Commonwealth Ave,High; Statistical Hotspot
442,14.5996,120.98372,Theft,2026-01-02,12:00,Manila,Quiapo Market,Medium; Statistical Hotspot
443,14.62587,121.00512,Drug Seizure (P142M Shabu),2026-01-02,12:00,Quezon City,Sto. Domingo,High; Real News (Simulated)
444,14.61812,121.05214,Theft (Pickpocketing),2026-01-02,12:00,Quezon City,Cubao (Aurora Blvd),Medium; Statistical Hotspot
445,14.61796,121.0544,Theft (Pickpocketing),2026-01-01,12:00,Quezon City,Cubao (Aurora Blvd),Medium; Statistical Hotspot
446,14.73334,121.04235,House Robbery,2025-12-31,12:00,Quezon City,Kaligayahan (Zabarte Rd),Medium; Real News (Simulated)
447,14.62057,121.01643,Armed Siege / Trespassing,2025-12-31,12:00,Quezon City,Vibal Publishing Compound,High; Real News (Simulated)
448,14.5087,120.99158,Smuggling (P102M Shabu),2025-12-30,12:00,Manila,NAIA Terminal 1 (Border),High; Real News (Simulated)
449,14.57959,120.98033,Robbery / Extortion,2025-12-29,12:00,Manila,Ermita,High; Real News (Simulated)
450,14.66689,121.05158,Vehicular Crash,2025-12-29,12:00,Quezon City,Commonwealth Ave,High; Statistical Hotspot
451,14.66892,121.04978,Vehicular Crash,2025-12-28,12:00,Quezon City,Commonwealth Ave,High; Statistical Hotspot
452,14.67513,121.07927,Animal Cruelty,2025-12-27,12:00,Quezon City,Holy Spirit,Low; Real News (Simulated)
453,14.6214,120.96497,Physical Injury / Brawl,2025-12-27,12:00,Manila,Tondo (Zaragoza St),High; Statistical Hotspot
454,14.57963,120.98278,Robbery / Extortion,2025-12-27,12:00,Manila,Ermita,High; Real News (Simulated)
455,14.61883,120.96824,Physical Injury / Brawl,2025-12-26,12:00,Manila,Tondo (Zaragoza St),High; Statistical Hotspot
456,14.59772,120.98212,Theft,2025-12-26,12:00,Manila,Quiapo Market,Medium; Statistical Hotspot
457,14.73374,121.04369,House Robbery,2025-12-26,12:00,Quezon City,Kaligayahan (Zabarte Rd),Medium; Real News (Simulated)
458,14.51059,120.99097,Smuggling (P102M Shabu),2025-12-26,12:00,Manila,NAIA Terminal 1 (Border),High; Real News (Simulated)
459,14.61961,120.96547,Physical Injury / Brawl,2025-12-26,12:00,Manila,Tondo (Zaragoza St),High; Statistical Hotspot
460,14.61797,120.96505,Physical Injury / Brawl,2025-12-25,12:00,Manila,Tondo (Zaragoza St),High; Statistical Hotspot
461,14.61971,121.01597,Armed Siege / Trespassing,2025-12-25,12:00,Quezon City,Vibal Publishing Compound,High; Real News (Simulated)
462,14.62742,121.00726,Drug Seizure (P142M Shabu),2025-12-25,12:00,Quezon City,Sto. Domingo,High; Real News (Simulated)
463,14.67407,121.08075,Animal Cruelty,2025-12-24,12:00,Quezon City,Holy Spirit,Low; Real News (Simulated)
464,14.57628,120.98049,Robbery / Extortion,2025-12-24,12:00,Manila,Ermita,High; Real News (Simulated)
465,14.62834,121.0052,Drug Seizure (P142M Shabu),2025-12-24,12:00,Quezon City,Sto. Domingo,High; Real News (Simulated)
466,14.61973,121.05272,Theft (Pickpocketing),2025-12-23,12:00,Quezon City,Cubao (Aurora Blvd),Medium; Statistical Hotspot
467,14.62031,121.05263,Theft (Pickpocketing),2025-12-22,12:00,Quezon City,Cubao (Aurora Blvd),Medium; Statistical Hotspot
468,14.62089,120.96576,Physical Injury / Brawl,2025-12-22,12:00,Manila,Tondo (Zaragoza St),High; Statistical Hotspot
469,14.6762,121.07941,Animal Cruelty,2025-12-22,12:00,Quezon City,Holy Spirit,Low; Real News (Simulated)
470,14.62794,121.00607,Drug Seizure (P142M Shabu),2025-12-22,12:00,Quezon City,Sto. Domingo,High; Real News (Scraped)
471,14.67005,121.04855,Vehicular Crash,2025-12-20,12:00,Quezon City,Commonwealth Ave,High; Statistical Hotspot
472,14.67004,121.04965,Vehicular Crash,2025-12-20,12:00,Quezon City,Commonwealth Ave,High; Statistical Hotspot
473,14.50964,120.99276,Smuggling (P102M Shabu),2025-12-20,12:00,Manila,NAIA Terminal 1 (Border),High; Real News (Simulated)
474,14.62142,120.96755,Physical Injury / Brawl,2025-12-20,12:00,Manila,Tondo (Zaragoza St),High; Statistical Hotspot
475,14.67556,121.08088,Animal Cruelty,2025-12-20,12:00,Quezon City,Holy Spirit,Low; Real News (Simulated)
476,14.60684,120.99351,Snatching,2025-12-20,12:00,Manila,University Belt,Medium; Statistical Hotspot
477,14.62535,121.00736,Drug Seizure (P142M Shabu),2025-12-19,12:00,Quezon City,Sto. Domingo,High; Real News (Simulated)
478,14.60506,120.99183,Snatching,2025-12-19,12:00,Manila,University Belt,Medium; Statistical Hotspot
479,14.50704,120.99339,Smuggling (P102M Shabu),2025-12-19,12:00,Manila,NAIA Terminal 1 (Border),High; Real News (Simulated)
480,14.6046,120.99173,Snatching,2025-12-19,12:00,Manila,University Belt,Medium; Statistical Hotspot
481,14.50899,120.9933,Smuggling (P102M Shabu),2025-12-18,12:00,Manila,NAIA Terminal 1 (Border),High; Real News (Simulated)
482,14.61754,121.05263,Theft (Pickpocketing),2025-12-18,12:00,Quezon City,Cubao (Aurora Blvd),Medium; Statistical Hotspot
483,14.73395,121.0421,House Robbery,2025-12-18,12:00,Quezon City,Kaligayahan (Zabarte Rd),Medium; Real News (Simulated)
484,14.6678,121.05027,Vehicular Crash,2025-12-18,12:00,Quezon City,Commonwealth Ave,High; Statistical Hotspot
485,14.73177,121.05611,Robbery (Jewelry Store),2025-12-18,12:00,Quezon City,Pasong Putik,High; Real News (Simulated)
486,14.67579,121.07933,Animal Cruelty,2025-12-17,12:00,Quezon City,Holy Spirit,Low; Real News (Simulated)
487,14.66613,121.05042,Vehicular Crash,2025-12-17,12:00,Quezon City,Commonwealth Ave,High; Statistical Hotspot
488,14.66864,121.05219,Vehicular Crash,2025-12-17,12:00,Quezon City,Commonwealth Ave,High; Statistical Hotspot
489,14.61795,120.9665,Physical Injury / Brawl,2025-12-16,12:00,Manila,Tondo (Zaragoza St),High; Statistical Hotspot
490,14.73113,121.0559,Robbery (Jewelry Store),2025-12-15,12:00,Quezon City,Pasong Putik,High; Real News (Scraped)
491,14.67533,121.07877,Animal Cruelty,2025-12-15,12:00,Quezon City,Holy Spirit,Low; Real News (Simulated)
492,14.62794,121.00512,Drug Seizure (P142M Shabu),2025-12-15,12:00,Quezon City,Sto. Domingo,High; Real News (Simulated)
493,14.6691,121.04868,Vehicular Crash,2025-12-15,12:00,Quezon City,Commonwealth Ave,High; Statistical Hotspot
494,14.6058,120.99301,Snatching,2025-12-14,12:00,Manila,University Belt,Medium; Statistical Hotspot
495,14.72962,121.059,Robbery (Jewelry Store),2025-12-14,12:00,Quezon City,Pasong Putik,High; Real News (Simulated)
496,14.73635,121.04127,House Robbery,2025-12-14,12:00,Quezon City,Kaligayahan (Zabarte Rd),Medium; Real News (Simulated)
497,14.60684,120.9903,Snatching,2025-12-13,12:00,Manila,University Belt,Medium; Statistical Hotspot
498,14.73452,121.04269,House Robbery,2025-12-13,12:00,Quezon City,Kaligayahan (Zabarte Rd),Medium; Real News (Scraped)
499,14.62146,120.96867,Physical Injury / Brawl,2025-12-13,12:00,Manila,Tondo (Zaragoza St),High; Statistical Hotspot
500,14.61953,121.01674,Armed Siege / Trespassing,2025-12-12,12:00,Quezon City,Vibal Publishing Compound,High; Real News (Simulated)
501,14.66881,121.04897,Vehicular Crash,2025-12-11,12:00,Quezon City,Commonwealth Ave,High; Statistical Hotspot
502,14.50692,120.99108,Smuggling (P102M Shabu),2025-12-11,12:00,Manila,NAIA Terminal 1 (Border),High; Real News (Simulated)
503,14.62693,121.00446,Drug Seizure (P142M Shabu),2025-12-10,12:00,Quezon City,Sto. Domingo,High; Real News (Simulated)
504,14.73694,121.04123,House Robbery,2025-12-09,12:00,Quezon City,Kaligayahan (Zabarte Rd),Medium; Real News (Simulated)
505,14.6182,120.96716,Physical Injury / Brawl,2025-12-09,12:00,Manila,Tondo (Zaragoza St),High; Statistical Hotspot
506,14.73333,121.04299,House Robbery,2025-12-09,12:00,Quezon City,Kaligayahan (Zabarte Rd),Medium; Real News (Simulated)
507,14.6663,121.04879,Vehicular Crash,2025-12-09,12:00,Quezon City,Commonwealth Ave,High; Statistical Hotspot
508,14.61941,121.05498,Theft (Pickpocketing),2025-12-08,12:00,Quezon City,Cubao (Aurora Blvd),Medium; Statistical Hotspot
509,14.59812,120.98355,Theft,2025-12-08,12:00,Manila,Quiapo Market,Medium; Statistical Hotspot
510,14.67571,121.0807,Animal Cruelty,2025-12-08,12:00,Quezon City,Holy Spirit,Low; Real News (Simulated)
511,14.60562,120.99213,Snatching,2025-12-08,12:00,Manila,University Belt,Medium; Statistical Hotspot
512,14.62113,121.01664,Armed Siege / Trespassing,2025-12-08,12:00,Quezon City,Vibal Publishing Compound,High; Real News (Simulated)
513,14.61893,120.96667,Physical Injury / Brawl,2025-12-08,12:00,Manila,Tondo (Zaragoza St),High; Statistical Hotspot
514,14.66824,121.05008,Vehicular Crash,2025-12-07,12:00,Quezon City,Commonwealth Ave,High; Statistical Hotspot
515,14.62013,121.01363,Armed Siege / Trespassing,2025-12-06,12:00,Quezon City,Vibal Publishing Compound,High; Real News (Simulated)
516,14.61814,120.9662,Physical Injury / Brawl,2025-12-06,12:00,Manila,Tondo (Zaragoza St),High; Statistical Hotspot
517,14.66792,121.05056,Vehicular Crash,2025-12-06,12:00,Quezon City,Commonwealth Ave,High; Statistical Hotspot
518,14.5764,120.98088,Robbery / Extortion,2025-12-06,12:00,Manila,Ermita,High; Real News (Simulated)
519,14.72954,121.05737,Robbery (Jewelry Store),2025-12-06,12:00,Quezon City,Pasong Putik,High; Real News (Simulated)
520,14.61852,121.05406,Theft (Pickpocketing),2025-12-05,12:00,Quezon City,Cubao (Aurora Blvd),Medium; Statistical Hotspot
521,14.61708,121.05419,Theft (Pickpocketing),2025-12-05,12:00,Quezon City,Cubao (Aurora Blvd),Medium; Statistical Hotspot
522,14.62051,121.01436,Armed Siege / Trespassing,2025-12-05,12:00,Quezon City,Vibal Publishing Compound,High; Real News (Scraped)
523,14.61953,121.05185,Theft (Pickpocketing),2025-12-05,12:00,Quezon City,Cubao (Aurora Blvd),Medium; Statistical Hotspot
524,14.62151,120.96558,Physical Injury / Brawl,2025-12-04,12:00,Manila,Tondo (Zaragoza St),High; Statistical Hotspot
525,14.7338,121.04252,House Robbery,2025-12-04,12:00,Quezon City,Kaligayahan (Zabarte Rd),Medium; Real News (Simulated)
526,14.57933,120.98338,Robbery / Extortion,2025-12-04,12:00,Manila,Ermita,High; Real News (Simulated)
527,14.60709,120.9936,Snatching,2025-12-03,12:00,Manila,University Belt,Medium; Statistical Hotspot
528,14.57807,120.98382,Robbery / Extortion,2025-12-02,12:00,Manila,Ermita,High; Real News (Simulated)
529,14.61844,121.01412,Armed Siege / Trespassing,2025-12-02,12:00,Quezon City,Vibal Publishing Compound,High; Real News (Scraped)
530,14.66636,121.05014,Vehicular Crash,2025-12-01,12:00,Quezon City,Commonwealth Ave,High; Statistical Hotspot
531,14.67519,121.0788,Animal Cruelty,2025-11-30,12:00,Quezon City,Holy Spirit,Low; Real News (Simulated)
532,14.57765,120.98088,Robbery / Extortion,2025-11-30,12:00,Manila,Ermita,High; Real News (Simulated)
533,14.7361,121.04021,House Robbery,2025-11-29,12:00,Quezon City,Kaligayahan (Zabarte Rd),Medium; Real News (Simulated)
534,14.61961,120.96767,Physical Injury / Brawl,2025-11-28,12:00,Manila,Tondo (Zaragoza St),High; Statistical Hotspot
535,14.67564,121.07946,Animal Cruelty,2025-11-28,12:00,Quezon City,Holy Spirit,Low; Real News (Simulated)
536,14.67602,121.07922,Animal Cruelty,2025-11-27,12:00,Quezon City,Holy Spirit,Low; Real News (Simulated)
537,14.59871,120.98418,Theft,2025-11-26,12:00,Manila,Quiapo Market,Medium; Statistical Hotspot
538,14.73269,121.05526,Robbery (Jewelry Store),2025-11-26,12:00,Quezon City,Pasong Putik,High; Real News (Simulated)
539,14.7361,121.0411,House Robbery,2025-11-25,12:00,Quezon City,Kaligayahan (Zabarte Rd),Medium; Real News (Simulated)
540,14.61944,120.96652,Physical Injury / Brawl,2025-11-22,12:00,Manila,Tondo (Zaragoza St),High; Statistical Hotspot
541,14.60455,120.99329,Snatching,2025-11-22,12:00,Manila,University Belt,Medium; Statistical Hotspot
542,14.6738,121.07835,Animal Cruelty,2025-11-22,12:00,Quezon City,Holy Spirit,Low; Real News (Simulated)
543,14.66791,121.04952,Vehicular Crash,2025-11-22,12:00,Quezon City,Commonwealth Ave,High; Statistical Hotspot
544,14.60621,120.99124,Snatching,2025-11-21,12:00,Manila,University Belt,Medium; Statistical Hotspot
545,14.62715,121.00645,Drug Seizure (P142M Shabu),2025-11-21,12:00,Quezon City,Sto. Domingo,High; Real News (Simulated)
546,14.57703,120.98363,Robbery / Extortion,2025-11-21,12:00,Manila,Ermita,High; Real News (Simulated)
547,14.61757,121.05489,Theft (Pickpocketing),2025-11-20,12:00,Quezon City,Cubao (Aurora Blvd),Medium; Statistical Hotspot
548,14.73385,121.04202,House Robbery,2025-11-20,12:00,Quezon City,Kaligayahan (Zabarte Rd),Medium; Real News (Simulated)
549,14.60721,120.99117,Snatching,2025-11-20,12:00,Manila,University Belt,Medium; Statistical Hotspot
550,14.60595,120.99178,Snatching,2025-11-19,12:00,Manila,University Belt,Medium; Statistical Hotspot
551,14.62475,121.00714,Drug Seizure (P142M Shabu),2025-11-18,12:00,Quezon City,Sto. Domingo,High; Real News (Simulated)
552,14.66649,121.04994,Vehicular Crash,2025-11-18,12:00,Quezon City,Commonwealth Ave,High; Statistical Hotspot
553,14.67564,121.07947,Animal Cruelty,2025-11-16,12:00,Quezon City,Holy Spirit,Low; Real News (Scraped)
554,14.61776,121.053,Theft (Pickpocketing),2025-11-16,12:00,Quezon City,Cubao (Aurora Blvd),Medium; Statistical Hotspot
555,14.50854,120.99256,Smuggling (P102M Shabu),2025-11-16,12:00,Manila,NAIA Terminal 1 (Border),High; Real News (Simulated)
556,14.61902,120.96875,Physical Injury / Brawl,2025-11-16,12:00,Manila,Tondo (Zaragoza St),High; Statistical Hotspot
557,14.60593,120.99053,Snatching,2025-11-15,12:00,Manila,University Belt,Medium; Statistical Hotspot
558,14.59929,120.98303,Theft,2025-11-15,12:00,Manila,Quiapo Market,Medium; Statistical Hotspot
559,14.60029,120.98312,Theft,2025-11-15,12:00,Manila,Quiapo Market,Medium; Statistical Hotspot
560,14.50883,120.99046,Smuggling (P102M Shabu),2025-11-15,12:00,Manila,NAIA Terminal 1 (Border),High; Real News (Simulated)
561,14.73355,121.04337,House Robbery,2025-11-15,12:00,Quezon City,Kaligayahan (Zabarte Rd),Medium; Real News (Simulated)
562,14.7289,121.05574,Robbery (Jewelry Store),2025-11-14,12:00,Quezon City,Pasong Putik,High; Real News (Simulated)
563,14.66678,121.05148,Vehicular Crash,2025-11-13,12:00,Quezon City,Commonwealth Ave,High; Statistical Hotspot
564,14.73311,121.04151,House Robbery,2025-11-13,12:00,Quezon City,Kaligayahan (Zabarte Rd),Medium; Real News (Simulated)
565,14.57967,120.98395,Robbery / Extortion,2025-11-12,12:00,Manila,Ermita,High; Real News (Simulated)
566,14.61967,120.96683,Physical Injury / Brawl,2025-11-11,12:00,Manila,Tondo (Zaragoza St),High; Statistical Hotspot
567,14.61915,121.01464,Armed Siege / Trespassing,2025-11-11,12:00,Quezon City,Vibal Publishing Compound,High; Real News (Simulated)
568,14.73149,121.05597,Robbery (Jewelry Store),2025-11-11,12:00,Quezon City,Pasong Putik,High; Real News (Simulated)
569,14.59897,120.98576,Theft,2025-11-11,12:00,Manila,Quiapo Market,Medium; Statistical Hotspot
570,14.60436,120.99357,Snatching,2025-11-11,12:00,Manila,University Belt,Medium; Statistical Hotspot
571,14.62537,121.00511,Drug Seizure (P142M Shabu),2025-11-11,12:00,Quezon City,Sto. Domingo,High; Real News (Simulated)
572,14.61764,120.96885,Physical Injury / Brawl,2025-11-10,12:00,Manila,Tondo (Zaragoza St),High; Statistical Hotspot
573,14.67433,121.07946,Animal Cruelty,2025-11-10,12:00,Quezon City,Holy Spirit,Low; Real News (Scraped)
574,14.62082,120.96602,Physical Injury / Brawl,2025-11-10,12:00,Manila,Tondo (Zaragoza St),High; Statistical Hotspot
575,14.61923,121.05487,Theft (Pickpocketing),2025-11-10,12:00,Quezon City,Cubao (Aurora Blvd),Medium; Statistical Hotspot
576,14.67305,121.0818,Animal Cruelty,2025-11-10,12:00,Quezon City,Holy Spirit,Low; Real News (Simulated)
577,14.60364,120.99053,Snatching,2025-11-09,12:00,Manila,University Belt,Medium; Statistical Hotspot
578,14.62018,121.05423,Theft (Pickpocketing),2025-11-09,12:00,Quezon City,Cubao (Aurora Blvd),Medium; Statistical Hotspot
579,14.66751,121.04952,Vehicular Crash,2025-11-08,12:00,Quezon City,Commonwealth Ave,High; Statistical Hotspot
580,14.60413,120.99198,Snatching,2025-11-08,12:00,Manila,University Belt,Medium; Statistical Hotspot
581,14.66792,121.05178,Vehicular Crash,2025-11-08,12:00,Quezon City,Commonwealth Ave,High; Statistical Hotspot
582,14.73109,121.05647,Robbery (Jewelry Store),2025-11-07,12:00,Quezon City,Pasong Putik,High; Real News (Simulated)
583,14.66725,121.05065,Vehicular Crash,2025-11-07,12:00,Quezon City,Commonwealth Ave,High; Statistical Hotspot
584,14.50901,120.99207,Smuggling (P102M Shabu),2025-11-06,12:00,Manila,NAIA Terminal 1 (Border),High; Real News (Simulated)
585,14.57949,120.98098,Robbery / Extortion,2025-11-06,12:00,Manila,Ermita,High; Real News (Scraped)
586,14.61984,120.9667,Physical Injury / Brawl,2025-11-06,12:00,Manila,Tondo (Zaragoza St),High; Statistical Hotspot
587,14.62004,121.01525,Armed Siege / Trespassing,2025-11-06,12:00,Quezon City,Vibal Publishing Compound,High; Real News (Scraped)
588,14.62093,121.05302,Theft (Pickpocketing),2025-11-06,12:00,Quezon City,Cubao (Aurora Blvd),Medium; Statistical Hotspot
589,14.57759,120.9822,Robbery / Extortion,2025-11-05,12:00,Manila,Ermita,High; Real News (Scraped)
590,14.62092,121.05161,Theft (Pickpocketing),2025-11-05,12:00,Quezon City,Cubao (Aurora Blvd),Medium; Statistical Hotspot
591,14.59804,120.98532,Theft,2025-11-05,12:00,Manila,Quiapo Market,Medium; Statistical Hotspot
592,14.73581,121.04161,House Robbery,2025-11-04,12:00,Quezon City,Kaligayahan (Zabarte Rd),Medium; Real News (Simulated)
593,14.62709,121.00492,Drug Seizure (P142M Shabu),2025-11-04,12:00,Quezon City,Sto. Domingo,High; Real News (Simulated)
594,14.61826,121.05111,Theft (Pickpocketing),2025-11-04,12:00,Quezon City,Cubao (Aurora Blvd),Medium; Statistical Hotspot
595,14.62814,121.00551,Drug Seizure (P142M Shabu),2025-11-04,12:00,Quezon City,Sto. Domingo,High; Real News (Simulated)
596,14.66915,121.04979,Vehicular Crash,2025-11-03,12:00,Quezon City,Commonwealth Ave,High; Statistical Hotspot
597,14.62183,121.01595,Armed Siege / Trespassing,2025-11-03,12:00,Quezon City,Vibal Publishing Compound,High; Real News (Simulated)
598,14.66682,121.04991,Vehicular Crash,2025-11-03,12:00,Quezon City,Commonwealth Ave,High; Statistical Hotspot
599,14.61816,121.05212,Theft (Pickpocketing),2025-11-01,12:00,Quezon City,Cubao (Aurora Blvd),Medium; Statistical Hotspot
600,14.57849,120.98357,Robbery / Extortion,2025-11-01,12:00,Manila,Ermita,High; Real News (Simulated)
601,14.59777,120.9852,Theft,2025-10-31,12:00,Manila,Quiapo Market,Medium; Statistical Hotspot
602,14.61839,120.96602,Physical Injury / Brawl,2025-10-30,12:00,Manila,Tondo (Zaragoza St),High; Statistical Hotspot
603,14.66988,121.05101,Vehicular Crash,2025-10-30,12:00,Quezon City,Commonwealth Ave,High; Statistical Hotspot
604,14.62011,121.05369,Theft (Pickpocketing),2025-10-29,12:00,Quezon City,Cubao (Aurora Blvd),Medium; Statistical Hotspot
605,14.61881,120.96852,Physical Injury / Brawl,2025-10-29,12:00,Manila,Tondo (Zaragoza St),High; Statistical Hotspot
606,14.50811,120.99292,Smuggling (P102M Shabu),2025-10-29,12:00,Manila,NAIA Terminal 1 (Border),High; Real News (Scraped)
607,14.59917,120.98305,Theft,2025-10-28,12:00,Manila,Quiapo Market,Medium; Statistical Hotspot
608,14.59777,120.98217,Theft,2025-10-28,12:00,Manila,Quiapo Market,Medium; Statistical Hotspot
609,14.61799,120.96519,Physical Injury / Brawl,2025-10-27,12:00,Manila,Tondo (Zaragoza St),High; Statistical Hotspot
610,14.6,120.98275,Theft,2025-10-27,12:00,Manila,Quiapo Market,Medium; Statistical Hotspot
611,14.59971,120.98296,Theft,2025-10-27,12:00,Manila,Quiapo Market,Medium; Statistical Hotspot
612,14.73643,121.04014,House Robbery,2025-10-27,12:00,Quezon City,Kaligayahan (Zabarte Rd),Medium; Real News (Scraped)
613,14.73511,121.04276,House Robbery,2025-10-26,12:00,Quezon City,Kaligayahan (Zabarte Rd),Medium; Real News (Simulated)
614,14.62516,121.00726,Drug Seizure (P142M Shabu),2025-10-26,12:00,Quezon City,Sto. Domingo,High; Real News (Simulated)
615,14.60043,120.98375,Theft,2025-10-26,12:00,Manila,Quiapo Market,Medium; Statistical Hotspot
616,14.73302,121.04294,House Robbery,2025-10-26,12:00,Quezon City,Kaligayahan (Zabarte Rd),Medium; Real News (Scraped)
617,14.67395,121.07873,Animal Cruelty,2025-10-24,12:00,Quezon City,Holy Spirit,Low; Real News (Simulated)
618,14.61823,121.01351,Armed Siege / Trespassing,2025-10-24,12:00,Quezon City,Vibal Publishing Compound,High; Real News (Simulated)
619,14.73447,121.04068,House Robbery,2025-10-23,12:00,Quezon City,Kaligayahan (Zabarte Rd),Medium; Real News (Simulated)
620,14.72987,121.0565,Robbery (Jewelry Store),2025-10-23,12:00,Quezon City,Pasong Putik,High; Real News (Simulated)
621,14.60413,120.9936,Snatching,2025-10-22,12:00,Manila,University Belt,Medium; Statistical Hotspot
622,14.61742,121.05232,Theft (Pickpocketing),2025-10-22,12:00,Quezon City,Cubao (Aurora Blvd),Medium; Statistical Hotspot
623,14.59863,120.98463,Theft,2025-10-21,12:00,Manila,Quiapo Market,Medium; Statistical Hotspot
624,14.62602,121.00746,Drug Seizure (P142M Shabu),2025-10-21,12:00,Quezon City,Sto. Domingo,High; Real News (Simulated)
625,14.66801,121.05108,Vehicular Crash,2025-10-21,12:00,Quezon City,Commonwealth Ave,High; Statistical Hotspot
626,14.57797,120.98109,Robbery / Extortion,2025-10-21,12:00,Manila,Ermita,High; Real News (Simulated)
627,14.61937,121.05149,Theft (Pickpocketing),2025-10-20,12:00,Quezon City,Cubao (Aurora Blvd),Medium; Statistical Hotspot
628,14.60591,120.9936,Snatching,2025-10-19,12:00,Manila,University Belt,Medium; Statistical Hotspot
629,14.5077,120.99049,Smuggling (P102M Shabu),2025-10-19,12:00,Manila,NAIA Terminal 1 (Border),High; Real News (Simulated)
630,14.60676,120.99095,Snatching,2025-10-19,12:00,Manila,University Belt,Medium; Statistical Hotspot
631,14.60714,120.99088,Snatching,2025-10-19,12:00,Manila,University Belt,Medium; Statistical Hotspot
632,14.59974,120.98534,Theft,2025-10-18,12:00,Manila,Quiapo Market,Medium; Statistical Hotspot
633,14.61817,121.05126,Theft (Pickpocketing),2025-10-18,12:00,Quezon City,Cubao (Aurora Blvd),Medium; Statistical Hotspot
634,14.60485,120.9936,Snatching,2025-10-18,12:00,Manila,University Belt,Medium; Statistical Hotspot
635,14.67315,121.08109,Animal Cruelty,2025-10-18,12:00,Quezon City,Holy Spirit,Low; Real News (Simulated)
636,14.50732,120.99423,Smuggling (P102M Shabu),2025-10-18,12:00,Manila,NAIA Terminal 1 (Border),High; Real News (Simulated)
637,14.60449,120.99203,Snatching,2025-10-17,12:00,Manila,University Belt,Medium; Statistical Hotspot
638,14.62039,121.05412,Theft (Pickpocketing),2025-10-17,12:00,Quezon City,Cubao (Aurora Blvd),Medium; Statistical Hotspot
639,14.62444,121.00707,Drug Seizure (P142M Shabu),2025-10-17,12:00,Quezon City,Sto. Domingo,High; Real News (Simulated)
640,14.60552,120.99094,Snatching,2025-10-16,12:00,Manila,University Belt,Medium; Statistical Hotspot
641,14.7292,121.05882,Robbery (Jewelry Store),2025-10-16,12:00,Quezon City,Pasong Putik,High; Real News (Simulated)
642,14.61763,120.96518,Physical Injury / Brawl,2025-10-16,12:00,Manila,Tondo (Zaragoza St),High; Statistical Hotspot
643,14.67614,121.08195,Animal Cruelty,2025-10-16,12:00,Quezon City,Holy Spirit,Low; Real News (Simulated)
644,14.73063,121.05588,Robbery (Jewelry Store),2025-10-16,12:00,Quezon City,Pasong Putik,High; Real News (Simulated)
645,14.57783,120.98091,Robbery / Extortion,2025-10-16,12:00,Manila,Ermita,High; Real News (Simulated)
646,14.62067,121.0157,Armed Siege / Trespassing,2025-10-15,12:00,Quezon City,Vibal Publishing Compound,High; Real News (Simulated)
647,14.62002,120.96664,Physical Injury / Brawl,2025-10-15,12:00,Manila,Tondo (Zaragoza St),High; Statistical Hotspot
648,14.57692,120.98226,Robbery / Extortion,2025-10-15,12:00,Manila,Ermita,High; Real News (Simulated)
649,14.62043,121.01563,Armed Siege / Trespassing,2025-10-14,12:00,Quezon City,Vibal Publishing Compound,High; Real News (Simulated)
650,14.50831,120.99395,Smuggling (P102M Shabu),2025-10-14,12:00,Manila,NAIA Terminal 1 (Border),High; Real News (Simulated)
651,14.7296,121.05838,Robbery (Jewelry Store),2025-10-14,12:00,Quezon City,Pasong Putik,High; Real News (Simulated)
652,14.59995,120.98501,Theft,2025-10-14,12:00,Manila,Quiapo Market,Medium; Statistical Hotspot
653,14.73517,121.04304,House Robbery,2025-10-14,12:00,Quezon City,Kaligayahan (Zabarte Rd),Medium; Real News (Simulated)
654,14.62179,121.01661,Armed Siege / Trespassing,2025-10-13,12:00,Quezon City,Vibal Publishing Compound,High; Real News (Simulated)
655,14.73422,121.04044,House Robbery,2025-10-13,12:00,Quezon City,Kaligayahan (Zabarte Rd),Medium; Real News (Simulated)
656,14.61937,121.01312,Armed Siege / Trespassing,2025-10-13,12:00,Quezon City,Vibal Publishing Compound,High; Real News (Simulated)
657,14.66975,121.04877,Vehicular Crash,2025-10-13,12:00,Quezon City,Commonwealth Ave,High; Statistical Hotspot
658,14.62692,121.00581,Drug Seizure (P142M Shabu),2025-10-12,12:00,Quezon City,Sto. Domingo,High; Real News (Simulated)
659,14.597,120.98501,Theft,2025-10-11,12:00,Manila,Quiapo Market,Medium; Statistical Hotspot
660,14.59768,120.98249,Theft,2025-10-10,12:00,Manila,Quiapo Market,Medium; Statistical Hotspot
661,14.59874,120.98344,Theft,2025-10-10,12:00,Manila,Quiapo Market,Medium; Statistical Hotspot
662,14.73179,121.0559,Robbery (Jewelry Store),2025-10-10,12:00,Quezon City,Pasong Putik,High; Real News (Simulated)
663,14.67508,121.08197,Animal Cruelty,2025-10-10,12:00,Quezon City,Holy Spirit,Low; Real News (Scraped)
664,14.50867,120.99426,Smuggling (P102M Shabu),2025-10-10,12:00,Manila,NAIA Terminal 1 (Border),High; Real News (Simulated)
665,14.66943,121.05223,Vehicular Crash,2025-10-10,12:00,Quezon City,Commonwealth Ave,High; Statistical Hotspot
666,14.60494,120.99082,Snatching,2025-10-10,12:00,Manila,University Belt,Medium; Statistical Hotspot
667,14.61894,121.01663,Armed Siege / Trespassing,2025-10-10,12:00,Quezon City,Vibal Publishing Compound,High; Real News (Simulated)
668,14.62447,121.0076,Drug Seizure (P142M Shabu),2025-10-09,12:00,Quezon City,Sto. Domingo,High; Real News (Simulated)
669,14.62156,120.96623,Physical Injury / Brawl,2025-10-09,12:00,Manila,Tondo (Zaragoza St),High; Statistical Hotspot
670,14.627,121.00724,Drug Seizure (P142M Shabu),2025-10-09,12:00,Quezon City,Sto. Domingo,High; Real News (Simulated)
671,14.61815,121.01493,Armed Siege / Trespassing,2025-10-07,12:00,Quezon City,Vibal Publishing Compound,High; Real News (Simulated)
672,14.6732,121.07926,Animal Cruelty,2025-10-06,12:00,Quezon City,Holy Spirit,Low; Real News (Simulated)
673,14.60657,120.9923,Snatching,2025-10-06,12:00,Manila,University Belt,Medium; Statistical Hotspot
674,14.62048,121.01491,Armed Siege / Trespassing,2025-10-05,12:00,Quezon City,Vibal Publishing Compound,High; Real News (Simulated)
675,14.61797,120.96518,Physical Injury / Brawl,2025-10-05,12:00,Manila,Tondo (Zaragoza St),High; Statistical Hotspot
676,14.61808,121.01493,Armed Siege / Trespassing,2025-10-05,12:00,Quezon City,Vibal Publishing Compound,High; Real News (Scraped)
677,14.61791,121.05481,Theft (Pickpocketing),2025-10-05,12:00,Quezon City,Cubao (Aurora Blvd),Medium; Statistical Hotspot
678,14.59893,120.98385,Theft,2025-10-04,12:00,Manila,Quiapo Market,Medium; Statistical Hotspot
679,14.73497,121.04082,House Robbery,2025-10-04,12:00,Quezon City,Kaligayahan (Zabarte Rd),Medium; Real News (Simulated)
680,14.62127,120.9667,Physical Injury / Brawl,2025-10-04,12:00,Manila,Tondo (Zaragoza St),High; Statistical Hotspot
681,14.60479,120.99278,Snatching,2025-10-04,12:00,Manila,University Belt,Medium; Statistical Hotspot
682,14.50695,120.99157,Smuggling (P102M Shabu),2025-10-04,12:00,Manila,NAIA Terminal 1 (Border),High; Real News (Simulated)
683,14.62114,121.01341,Armed Siege / Trespassing,2025-10-03,12:00,Quezon City,Vibal Publishing Compound,High; Real News (Scraped)
684,14.66859,121.05028,Vehicular Crash,2025-10-03,12:00,Quezon City,Commonwealth Ave,High; Statistical Hotspot
685,14.67676,121.08141,Animal Cruelty,2025-10-03,12:00,Quezon City,Holy Spirit,Low; Real News (Scraped)
686,14.50711,120.99201,Smuggling (P102M Shabu),2025-10-03,12:00,Manila,NAIA Terminal 1 (Border),High; Real News (Simulated)
687,14.6048,120.99396,Snatching,2025-10-02,12:00,Manila,University Belt,Medium; Statistical Hotspot
688,14.6186,121.01641,Armed Siege / Trespassing,2025-10-02,12:00,Quezon City,Vibal Publishing Compound,High; Real News (Simulated)
689,14.62196,121.01634,Armed Siege / Trespassing,2025-10-02,12:00,Quezon City,Vibal Publishing Compound,High; Real News (Scraped)
690,14.61986,120.9685,Physical Injury / Brawl,2025-10-02,12:00,Manila,Tondo (Zaragoza St),High; Statistical Hotspot
691,14.62158,121.01448,Armed Siege / Trespassing,2025-10-01,12:00,Quezon City,Vibal Publishing Compound,High; Real News (Scraped)
692,14.59724,120.9838,Theft,2025-10-01,12:00,Manila,Quiapo Market,Medium; Statistical Hotspot
693,14.60498,120.99184,Snatching,2025-10-01,12:00,Manila,University Belt,Medium; Statistical Hotspot
694,14.73079,121.05861,Robbery (Jewelry Store),2025-10-01,12:00,Quezon City,Pasong Putik,High; Real News (Simulated)
695,14.66765,121.05122,Vehicular Crash,2025-10-01,12:00,Quezon City,Commonwealth Ave,High; Statistical Hotspot
